<?xml version="1.0" encoding="UTF-8"?>
<extension type="component" version="2.5.0" method="upgrade">
	<name>COM_JOHNSON</name>
	<!-- The following elements are optional and free of formatting constraints -->
	<creationDate>November 2009</creationDate>
	<author>John Doe</author>
	<authorEmail>john.doe@example.org</authorEmail>
	<authorUrl>http://www.example.org</authorUrl>
	<copyright>Copyright Info</copyright>
	<license>License Info</license>
	<!-- The version string is recorded in the components table -->
	<version>0.3.10</version>
	<!-- The description is optional and defaults to the name -->
	<description>COM_JOHNSON_DESCRIPTION</description>

	<install> <!-- Runs on install -->
		<sql>
			<file driver="mysql" charset="utf8">sql/install.mysql.utf8.sql</file>
		</sql>
	</install>
	<uninstall> <!-- Runs on uninstall -->
		<sql>
			<file driver="mysql" charset="utf8">sql/uninstall.mysql.utf8.sql</file>
		</sql>
	</uninstall>
	<update> <!-- Runs on update; New in 2.5 -->
		<schemas>
			<schemapath type="mysql">sql/updates/mysql</schemapath>
		</schemas>
	</update>


	<!-- Site Main File Copy Section -->
	<!-- Note the folder attribute: This attribute describes the folder to copy 
		FROM in the package to install therefore files copied in this section are 
		copied from /site/ in the package -->
	<files folder="site">
		<filename>index.html</filename>
		<filename>johnson.php</filename>
		<filename>controller.php</filename>
		<folder>views</folder>
		<folder>models</folder>
		<folder>language</folder>
	</files>

	<media destination="com_johnson" folder="media">
		<filename>index.html</filename>
		<folder>images</folder>
	</media>
	

	<administration>
		<!-- Administration Menu Section -->
		<menu>COM_JOHNSON_MENU</menu>

		<!-- Administration Main File Copy Section -->
		<files folder="admin">
			<filename>johnson.php</filename>
			<filename>controller.php</filename>
			<filename>index.html</filename>
			<!-- SQL files section -->
			<folder>sql</folder>
		    <folder>models</folder>
		   <!-- tables files section -->
			<folder>tables</folder>
			<!-- views files section -->
			<folder>views</folder>
			<folder>language</folder>
			<folder>controllers</folder>
		</files>
	
		
	</administration>

</extension>